id,status,date,time
1,1,2021-07-09,20:38:20
2,0,2021-07-09,21:07:00
3,1,2021-07-09,21:26:55
4,0,2021-07-09,21:26:57
5,1,2021-07-10,13:07:10
6,0,2021-07-10,13:07:11
7,1,2021-07-10,13:07:11
8,0,2021-07-10,13:07:11
9,1,2021-07-10,13:07:11
10,0,2021-07-10,13:07:11
11,1,2021-07-10,13:07:11
12,0,2021-07-10,13:07:11
13,1,2021-07-10,13:07:11
14,0,2021-07-10,13:07:11
15,1,2021-07-10,13:07:11
16,0,2021-07-10,13:07:11
17,1,2021-07-10,13:07:11
18,0,2021-07-10,13:07:11
19,1,2021-07-10,13:07:11
20,0,2021-07-10,13:07:12
21,1,2021-07-10,13:07:12
22,0,2021-07-10,13:07:12
23,1,2021-07-10,13:07:12
24,0,2021-07-10,13:07:12
25,1,2021-07-10,13:07:12
26,0,2021-07-10,13:07:12
27,1,2021-07-10,13:07:12
28,0,2021-07-10,13:07:12
29,1,2021-07-10,13:07:12
30,0,2021-07-10,13:07:12
31,1,2021-07-10,13:07:12
32,0,2021-07-10,13:07:12
33,1,2021-07-10,13:07:13
34,0,2021-07-10,13:07:13
35,1,2021-07-10,13:07:13
36,0,2021-07-10,13:07:13
37,1,2021-07-10,13:07:13
38,0,2021-07-10,13:07:13
39,1,2021-07-10,13:07:13
40,0,2021-07-10,13:07:14
41,1,2021-07-10,13:07:14
42,0,2021-07-10,13:07:14
43,1,2021-07-10,13:07:14
44,0,2021-07-10,13:07:14
45,1,2021-07-10,13:07:14
46,0,2021-07-10,13:07:14
47,1,2021-07-10,13:07:14
48,0,2021-07-10,13:07:14
49,1,2021-07-10,13:07:14
50,0,2021-07-10,13:07:14
51,1,2021-07-10,13:07:15
52,0,2021-07-10,13:07:15
53,1,2021-07-10,13:07:15
54,0,2021-07-10,13:07:15
55,1,2021-07-10,13:07:15
56,0,2021-07-10,13:07:15
57,1,2021-07-10,13:07:15
58,0,2021-07-10,13:07:15
59,1,2021-07-10,13:07:16
60,0,2021-07-10,13:07:16
61,1,2021-07-10,13:07:16
62,0,2021-07-10,13:07:16
63,1,2021-07-10,13:07:16
64,0,2021-07-10,13:07:16
65,1,2021-07-10,13:07:16
66,0,2021-07-10,13:07:16
67,1,2021-07-10,13:07:17
68,0,2021-07-10,13:07:17
69,1,2021-07-10,13:07:17
70,0,2021-07-10,13:07:17
71,1,2021-07-10,13:07:17
72,0,2021-07-10,13:07:17
73,1,2021-07-10,13:07:17
74,0,2021-07-10,13:07:17
75,1,2021-07-10,13:07:18
76,0,2021-07-10,13:07:18
77,1,2021-07-10,13:07:18
78,0,2021-07-10,13:07:18
79,1,2021-07-10,13:07:18
80,0,2021-07-10,13:07:18
81,1,2021-07-10,13:07:19
82,0,2021-07-10,13:07:19
83,1,2021-07-10,13:07:19
84,0,2021-07-10,13:07:19
85,1,2021-07-10,13:07:19
86,0,2021-07-10,13:07:19
87,1,2021-07-10,13:07:19
88,0,2021-07-10,13:07:19
89,1,2021-07-10,13:07:19
90,0,2021-07-10,13:07:20
91,1,2021-07-10,13:07:20
92,0,2021-07-10,13:07:20
93,1,2021-07-10,13:07:20
94,0,2021-07-10,13:07:20
95,1,2021-07-10,13:07:20
96,0,2021-07-10,13:07:20
97,1,2021-07-10,13:07:21
98,0,2021-07-10,13:07:21
99,1,2021-07-10,13:07:21
100,0,2021-07-10,13:07:21
101,1,2021-07-10,13:07:21
102,0,2021-07-10,13:07:21
103,1,2021-07-10,13:07:21
104,0,2021-07-10,13:07:21
105,1,2021-07-10,13:07:22
106,0,2021-07-10,13:07:22
107,1,2021-07-10,13:07:22
108,0,2021-07-10,13:07:22
109,1,2021-07-10,13:07:22
110,0,2021-07-10,13:07:22
111,1,2021-07-10,13:07:22
112,0,2021-07-10,13:07:22
113,1,2021-07-10,13:07:22
114,0,2021-07-10,13:07:23
115,1,2021-07-10,13:07:23
116,0,2021-07-10,13:07:23
117,1,2021-07-10,13:07:23
118,0,2021-07-10,13:07:23
119,1,2021-07-10,13:07:24
120,0,2021-07-10,13:07:24
121,1,2021-07-10,13:07:24
122,0,2021-07-10,13:07:24
123,1,2021-07-10,13:07:24
124,0,2021-07-10,13:07:24
125,1,2021-07-10,13:07:24
126,0,2021-07-10,13:07:24
127,1,2021-07-10,13:07:24
128,0,2021-07-10,13:07:25
129,1,2021-07-10,13:07:25
130,0,2021-07-10,13:07:25
131,1,2021-07-10,13:07:25
132,0,2021-07-10,13:07:25
133,1,2021-07-10,13:07:25
134,0,2021-07-10,13:07:25
135,1,2021-07-10,13:07:25
136,0,2021-07-10,13:07:26
137,1,2021-07-10,13:07:26
138,0,2021-07-10,13:07:26
139,1,2021-07-10,13:07:26
140,0,2021-07-10,13:07:26
141,1,2021-07-10,13:07:26
142,0,2021-07-10,13:07:26
143,1,2021-07-10,13:07:26
144,0,2021-07-10,13:07:27
145,1,2021-07-10,13:07:27
146,0,2021-07-10,13:07:27
147,1,2021-07-10,13:07:27
148,0,2021-07-10,13:07:27
149,1,2021-07-10,13:07:27
150,0,2021-07-10,13:07:27
151,1,2021-07-10,13:07:27
152,0,2021-07-10,13:07:28
153,1,2021-07-10,13:07:28
154,0,2021-07-10,13:07:28
155,1,2021-07-10,13:07:28
156,0,2021-07-10,13:07:29
157,1,2021-07-10,13:07:29
158,0,2021-07-10,13:07:29
159,1,2021-07-10,13:07:29
160,0,2021-07-10,13:07:29
161,1,2021-07-10,13:07:29
162,0,2021-07-10,13:07:29
163,1,2021-07-10,13:07:29
164,0,2021-07-10,13:07:30
165,1,2021-07-10,13:07:30
166,0,2021-07-10,13:07:30
167,1,2021-07-10,13:07:30
168,0,2021-07-10,13:07:30
169,1,2021-07-10,13:07:30
170,0,2021-07-10,13:07:30
171,1,2021-07-10,13:07:31
172,0,2021-07-10,13:07:31
173,1,2021-07-10,13:07:31
174,0,2021-07-10,13:07:31
175,1,2021-07-10,13:07:31
176,0,2021-07-10,13:07:32
177,1,2021-07-10,13:07:32
178,0,2021-07-10,13:07:32
179,1,2021-07-10,13:07:32
180,0,2021-07-10,13:07:32
181,1,2021-07-10,13:07:32
182,0,2021-07-10,13:07:32
183,1,2021-07-10,13:07:33
184,0,2021-07-10,13:07:33
185,1,2021-07-10,13:07:33
186,0,2021-07-10,13:07:33
187,1,2021-07-10,13:07:33
188,0,2021-07-10,13:07:33
189,1,2021-07-10,13:07:34
190,0,2021-07-10,13:07:34
191,1,2021-07-10,13:07:34
192,0,2021-07-10,13:07:34
193,1,2021-07-10,13:07:34
194,0,2021-07-10,13:07:34
195,1,2021-07-10,13:07:35
196,0,2021-07-10,13:07:35
197,1,2021-07-10,13:07:35
198,0,2021-07-10,13:07:35
199,1,2021-07-10,13:07:35
200,0,2021-07-10,13:07:35
201,1,2021-07-10,13:07:35
202,0,2021-07-10,13:07:35
203,1,2021-07-10,13:07:36
204,0,2021-07-10,13:07:36
205,1,2021-07-10,13:07:36
206,0,2021-07-10,13:07:36
207,1,2021-07-10,13:07:36
208,0,2021-07-10,13:07:37
209,1,2021-07-10,13:07:37
210,0,2021-07-10,13:07:37
211,1,2021-07-10,13:07:37
212,0,2021-07-10,13:07:37
213,1,2021-07-10,13:07:37
214,0,2021-07-10,13:07:37
215,1,2021-07-10,13:07:38
216,0,2021-07-10,13:07:38
217,1,2021-07-10,13:07:38
218,0,2021-07-10,13:07:38
219,1,2021-07-10,13:07:38
220,0,2021-07-10,13:07:38
221,1,2021-07-10,13:07:38
222,0,2021-07-10,13:07:39
223,1,2021-07-10,13:07:39
224,0,2021-07-10,13:07:39
225,1,2021-07-10,13:07:39
226,0,2021-07-10,13:07:39
227,1,2021-07-10,13:07:39
228,0,2021-07-10,13:07:40
229,1,2021-07-10,13:07:40
230,0,2021-07-10,13:07:40
231,1,2021-07-10,13:07:40
232,0,2021-07-10,13:07:40
233,1,2021-07-10,13:07:40
234,0,2021-07-10,13:07:40
235,1,2021-07-10,13:07:41
236,0,2021-07-10,13:07:41
237,1,2021-07-10,13:07:41
238,0,2021-07-10,13:07:41
239,1,2021-07-10,13:07:42
240,0,2021-07-10,13:07:42
241,1,2021-07-10,13:07:42
242,0,2021-07-10,13:07:42
243,1,2021-07-10,13:07:42
244,0,2021-07-10,13:07:42
245,1,2021-07-10,13:07:42
246,0,2021-07-10,13:07:43
247,1,2021-07-10,13:07:43
248,0,2021-07-10,13:07:43
249,1,2021-07-10,13:07:43
250,0,2021-07-10,13:07:43
251,1,2021-07-10,13:07:43
252,0,2021-07-10,13:07:43
253,1,2021-07-10,13:07:43
254,0,2021-07-10,13:07:43
255,1,2021-07-10,13:07:44
256,0,2021-07-10,13:07:44
257,1,2021-07-10,13:07:44
258,0,2021-07-10,13:07:44
259,1,2021-07-10,13:07:45
260,0,2021-07-10,13:07:45
261,1,2021-07-10,13:07:45
262,0,2021-07-10,13:07:45
263,1,2021-07-10,13:07:45
264,0,2021-07-10,13:07:45
265,1,2021-07-10,13:07:45
266,0,2021-07-10,13:07:46
267,1,2021-07-10,13:07:46
268,0,2021-07-10,13:07:46
269,1,2021-07-10,13:07:46
270,0,2021-07-10,13:07:46
271,1,2021-07-10,13:07:46
272,0,2021-07-10,13:07:47
273,1,2021-07-10,13:07:47
274,0,2021-07-10,13:07:47
275,1,2021-07-10,13:07:47
276,0,2021-07-10,13:07:47
277,1,2021-07-10,13:07:47
278,0,2021-07-10,13:07:48
279,1,2021-07-10,13:07:48
280,0,2021-07-10,13:07:48
281,1,2021-07-10,13:07:48
282,0,2021-07-10,13:07:48
283,1,2021-07-10,13:07:48
284,0,2021-07-10,13:07:49
285,1,2021-07-10,13:07:49
286,0,2021-07-10,13:07:49
287,1,2021-07-10,13:07:49
288,0,2021-07-10,13:07:49
289,1,2021-07-10,13:07:50
290,0,2021-07-10,13:07:50
291,1,2021-07-10,13:07:50
292,0,2021-07-10,13:07:50
293,1,2021-07-10,13:07:50
294,0,2021-07-10,13:07:50
295,1,2021-07-10,13:07:50
296,0,2021-07-10,13:07:50
297,1,2021-07-10,13:07:51
298,0,2021-07-10,13:07:51
299,1,2021-07-10,13:07:51
300,0,2021-07-10,13:07:51
301,1,2021-07-10,13:07:51
302,0,2021-07-10,13:07:51
303,1,2021-07-10,13:07:51
304,0,2021-07-10,13:07:51
305,1,2021-07-10,13:07:52
306,0,2021-07-10,13:07:52
307,1,2021-07-10,13:07:52
308,0,2021-07-10,13:07:52
309,1,2021-07-10,13:07:52
310,0,2021-07-10,13:07:53
311,1,2021-07-10,13:07:53
312,0,2021-07-10,13:07:53
313,1,2021-07-10,13:07:53
314,0,2021-07-10,13:07:53
315,1,2021-07-10,13:07:53
316,0,2021-07-10,13:07:53
317,1,2021-07-10,13:07:53
318,0,2021-07-10,13:07:53
319,1,2021-07-10,13:07:54
320,0,2021-07-10,13:07:54
321,1,2021-07-10,13:07:54
322,0,2021-07-10,13:07:54
323,1,2021-07-10,13:07:54
324,0,2021-07-10,13:07:54
325,1,2021-07-10,13:07:54
326,0,2021-07-10,13:07:54
327,1,2021-07-10,13:07:55
328,0,2021-07-10,13:07:55
329,1,2021-07-10,13:07:55
330,0,2021-07-10,13:07:55
331,1,2021-07-10,13:07:55
332,0,2021-07-10,13:07:56
333,1,2021-07-10,13:07:56
334,0,2021-07-10,13:07:56
335,1,2021-07-10,13:07:56
336,0,2021-07-10,13:07:56
337,1,2021-07-10,13:07:56
338,0,2021-07-10,13:07:56
339,1,2021-07-10,13:07:56
340,0,2021-07-10,13:07:57
341,1,2021-07-10,13:07:57
342,0,2021-07-10,13:07:57
343,1,2021-07-10,13:07:57
344,0,2021-07-10,13:07:57
345,1,2021-07-10,13:07:57
346,0,2021-07-10,13:07:57
347,1,2021-07-10,13:07:57
348,0,2021-07-10,13:07:58
349,1,2021-07-10,13:07:58
350,0,2021-07-10,13:07:58
351,1,2021-07-10,13:07:58
352,0,2021-07-10,13:07:58
353,1,2021-07-10,13:07:59
354,0,2021-07-10,13:07:59
355,1,2021-07-10,13:07:59
356,0,2021-07-10,13:07:59
357,1,2021-07-10,13:07:59
358,0,2021-07-10,13:07:59
359,1,2021-07-10,13:07:59
360,0,2021-07-10,13:08:00
361,1,2021-07-10,13:08:00
362,0,2021-07-10,13:09:19
363,1,2021-07-10,13:09:19
364,0,2021-07-10,13:09:19
365,1,2021-07-10,13:09:19
366,0,2021-07-10,13:09:20
367,1,2021-07-10,13:09:20
368,0,2021-07-10,13:09:20
369,1,2021-07-10,13:09:20
370,0,2021-07-10,13:09:20
371,1,2021-07-10,13:09:20
372,0,2021-07-10,13:09:20
373,1,2021-07-10,13:09:20
374,0,2021-07-10,13:09:21
375,1,2021-07-10,13:09:21
376,0,2021-07-10,13:09:21
377,1,2021-07-10,13:09:21
378,0,2021-07-10,13:09:21
379,1,2021-07-10,13:09:21
380,0,2021-07-10,13:09:21
381,1,2021-07-10,13:09:21
382,0,2021-07-10,13:09:21
383,1,2021-07-10,13:09:21
384,0,2021-07-10,13:09:21
385,1,2021-07-10,13:09:22
386,0,2021-07-10,13:09:22
387,1,2021-07-10,13:09:22
388,0,2021-07-10,13:09:22
389,1,2021-07-10,13:09:22
390,0,2021-07-10,13:09:22
391,1,2021-07-10,13:09:22
392,0,2021-07-10,13:09:22
393,1,2021-07-10,13:09:22
394,1,2021-07-10,13:09:22
395,1,2021-07-10,13:11:31
396,1,2021-07-10,13:11:57
397,0,2021-07-10,13:12:06
398,1,2021-07-10,13:12:09
399,0,2021-07-10,13:12:12
400,1,2021-07-10,13:12:17
401,0,2021-07-10,13:12:19
402,1,2021-07-10,13:12:22
403,0,2021-07-10,13:12:25
404,1,2021-07-10,13:12:28
405,0,2021-07-10,13:12:31
406,1,2021-07-10,13:12:35
407,0,2021-07-10,13:12:37
408,1,2021-07-10,13:12:41
409,0,2021-07-10,13:12:59
410,1,2021-07-10,13:13:02
411,0,2021-07-10,13:13:05
412,1,2021-07-10,13:14:08
413,0,2021-07-10,13:14:12
414,1,2021-07-10,13:14:34
415,0,2021-07-10,13:14:38
416,1,2021-07-10,13:15:44
417,0,2021-07-10,13:16:10
418,1,2021-07-15,14:10:17
419,0,2021-07-15,14:10:22
420,1,2021-07-15,14:10:25
421,0,2021-07-15,14:10:28
422,1,2021-07-15,14:10:42
423,0,2021-07-15,14:10:52
424,1,2021-07-15,14:10:54
425,1,2021-07-21,20:08:58
426,0,2021-07-21,20:09:12
427,1,2021-07-21,20:09:16
428,0,2021-07-21,20:09:21
429,1,2021-07-21,20:09:23
430,0,2021-07-21,20:09:37
431,1,2021-07-21,21:08:09
432,0,2021-07-21,21:08:13
433,1,2021-07-21,21:08:16
434,0,2021-07-21,21:08:26
435,1,2021-07-21,21:08:36
436,0,2021-07-21,21:08:44
437,1,2021-07-21,21:08:47
438,0,2021-07-21,21:08:51
439,1,2021-07-21,21:08:55
440,0,2021-07-21,21:08:59
441,1,2021-07-21,22:52:07
442,1,2021-07-21,22:46:25
443,0,2021-07-21,22:46:27
444,1,2021-07-21,22:48:01
445,0,2021-07-21,22:48:20
446,1,2021-07-21,22:48:24
447,0,2021-07-21,22:48:28
448,1,2021-07-21,22:48:54
449,0,2021-07-21,22:49:07
450,1,2021-07-21,22:49:11
451,0,2021-07-21,22:49:19
452,1,2021-07-21,22:49:22
453,0,2021-07-21,22:49:56
454,1,2021-07-21,22:53:48
455,0,2021-07-21,22:54:01
456,1,2021-07-21,22:54:10
457,0,2021-07-21,22:54:15
458,1,2021-07-21,22:54:23
459,0,2021-07-21,22:54:27
460,1,2021-07-21,22:54:32
461,0,2021-07-21,22:54:37
462,1,2021-07-21,22:54:40
463,0,2021-07-21,22:55:24
464,1,2021-07-21,22:55:35
465,0,2021-07-21,22:55:39
466,1,2021-07-21,22:55:42
467,0,2021-07-21,22:55:49
468,1,2021-07-21,22:56:27
469,0,2021-07-21,22:56:34
470,1,2021-07-21,22:57:11
471,0,2021-07-21,22:57:25
472,1,2021-07-21,22:57:36
473,0,2021-07-21,22:57:39
474,1,2021-07-21,22:57:43
475,0,2021-07-21,22:57:52
476,1,2021-07-21,23:01:15
477,0,2021-07-21,23:01:44
478,1,2021-07-21,23:01:46
479,0,2021-07-21,23:02:04
480,1,2021-07-21,23:02:11
481,0,2021-07-21,23:02:15
482,1,2021-07-21,23:02:18
483,0,2021-07-21,23:02:22
484,1,2021-07-21,23:02:27
485,0,2021-07-21,23:02:31
486,1,2021-07-21,23:02:34
487,0,2021-07-21,23:02:44
488,1,2021-07-21,23:02:49
489,0,2021-07-21,23:02:55
490,1,2021-07-21,23:02:58
491,0,2021-07-21,23:03:39
492,1,2021-07-21,23:03:42
493,0,2021-07-21,23:03:47
494,1,2021-07-21,23:03:51
495,0,2021-07-21,23:04:01
496,1,2021-07-21,23:04:08
497,0,2021-07-21,23:04:17
498,1,2021-07-21,23:04:20
499,0,2021-07-21,23:04:24
500,1,2021-07-21,23:04:32
501,0,2021-07-21,23:04:39
502,1,2021-07-21,23:05:11
503,0,2021-07-21,23:05:22
504,1,2021-07-21,23:05:43
505,0,2021-07-21,23:05:56
506,1,2021-07-21,23:05:58
507,0,2021-07-21,23:06:27
508,1,2021-07-21,23:06:31
509,0,2021-07-21,23:06:41
510,1,2021-07-21,23:06:46
511,0,2021-07-21,23:06:49
512,1,2021-07-21,23:06:52
513,0,2021-07-21,23:06:56
514,1,2021-07-21,23:06:59
515,0,2021-07-21,23:07:06
516,1,2021-07-21,23:07:11
517,0,2021-07-21,23:07:13
518,1,2021-07-21,23:07:16
519,0,2021-07-21,23:07:20
520,1,2021-07-21,23:07:45
521,0,2021-07-21,23:07:57
522,1,2021-07-21,23:08:57
523,0,2021-07-21,23:09:14
524,1,2021-07-21,23:09:17
525,0,2021-07-21,23:09:23
526,1,2021-07-21,23:09:26
527,0,2021-07-21,23:09:33
528,1,2021-07-21,23:09:59
529,0,2021-07-21,23:10:06
530,1,2021-07-21,23:10:18
531,0,2021-07-21,23:10:28
532,1,2021-07-21,23:10:30
533,0,2021-07-21,23:10:38
534,1,2021-07-21,23:10:40
535,0,2021-07-21,23:10:54
536,1,2021-07-21,23:10:58
537,0,2021-07-21,23:11:11
538,1,2021-07-21,23:11:15
539,0,2021-07-21,23:11:31
540,1,2021-07-21,23:11:51
541,0,2021-07-21,23:11:55
542,1,2021-07-21,23:12:02
543,0,2021-07-21,23:12:06
544,1,2021-07-21,23:12:11
545,0,2021-07-21,23:12:20
546,1,2021-07-21,23:12:39
547,0,2021-07-21,23:12:52
548,1,2021-07-21,23:13:35
549,0,2021-07-21,23:13:41
550,1,2021-07-21,23:14:41
551,0,2021-07-21,23:14:45
552,1,2021-07-21,23:14:47
553,0,2021-07-21,23:14:52
554,1,2021-07-21,23:14:56
555,0,2021-07-21,23:15:01
556,1,2021-07-21,23:15:05
557,0,2021-07-21,23:15:23
558,1,2021-07-21,23:15:26
559,0,2021-07-21,23:15:33
560,1,2021-07-21,23:17:06
561,0,2021-07-21,23:17:29
562,1,2021-07-21,23:17:32
563,0,2021-07-21,23:17:37
564,1,2021-07-22,09:34:27
565,0,2021-07-22,09:34:31
566,1,2021-07-22,09:35:18
567,0,2021-07-22,09:35:21
568,1,2021-07-22,09:45:34
569,0,2021-07-22,09:45:40
570,1,2021-07-22,09:56:53
571,0,2021-07-22,09:57:03
572,1,2021-07-22,09:57:17
573,0,2021-07-22,09:57:28
574,1,2021-07-22,10:44:06
575,0,2021-07-22,10:44:14
576,1,2021-07-22,11:12:47
577,0,2021-07-22,11:13:04
578,1,2021-07-22,11:14:50
579,1,2021-07-22,09:49:49
580,0,2021-07-22,09:49:58
581,1,2021-07-22,09:50:02
582,0,2021-07-22,09:50:14
583,1,2021-07-22,09:50:21
584,0,2021-07-22,09:50:30
585,1,2021-07-22,09:50:34
586,0,2021-07-22,09:50:38
587,1,2021-07-22,09:50:41
588,0,2021-07-22,09:50:52
589,1,2021-07-22,09:50:57
590,0,2021-07-22,09:51:20
591,1,2021-07-22,09:51:27
592,0,2021-07-22,09:51:31
593,1,2021-07-22,09:51:34
594,0,2021-07-22,09:51:38
595,1,2021-07-22,09:51:42
596,0,2021-07-22,09:51:45
597,1,2021-07-22,09:51:49
598,0,2021-07-22,09:51:53
599,1,2021-07-22,09:51:56
600,0,2021-07-22,09:52:36
601,1,2021-07-22,09:52:41
602,0,2021-07-22,09:52:45
603,1,2021-07-22,09:52:48
604,0,2021-07-22,09:53:09
605,1,2021-07-22,09:53:12
606,0,2021-07-22,09:53:22
607,1,2021-07-22,09:53:27
608,0,2021-07-22,09:53:40
609,1,2021-07-22,09:53:43
610,0,2021-07-22,09:54:08
611,1,2021-07-22,09:54:11
612,0,2021-07-22,09:54:37
613,1,2021-07-22,09:54:40
614,0,2021-07-22,09:54:52
615,1,2021-07-22,09:54:57
616,0,2021-07-22,09:55:02
617,1,2021-07-22,09:55:05
618,0,2021-07-22,09:55:09
619,1,2021-07-22,09:55:12
620,0,2021-07-22,09:55:21
621,1,2021-07-22,09:55:24
622,0,2021-07-22,09:56:03
623,1,2021-07-22,09:56:07
624,0,2021-07-22,09:56:21
625,1,2021-07-22,09:56:25
626,0,2021-07-22,09:57:10
627,1,2021-07-22,09:57:15
628,0,2021-07-22,09:57:31
629,1,2021-07-22,09:57:34
630,0,2021-07-22,09:57:38
631,1,2021-07-22,09:57:42
632,0,2021-07-22,09:58:08
633,1,2021-07-22,09:58:10
634,0,2021-07-22,09:58:13
635,1,2021-07-22,09:58:17
636,0,2021-07-22,09:58:28
637,1,2021-07-22,09:58:31
638,0,2021-07-22,09:58:42
639,1,2021-07-22,09:58:46
640,0,2021-07-22,09:59:01
641,1,2021-07-22,09:59:05
642,0,2021-07-22,09:59:09
643,1,2021-07-22,09:59:13
644,0,2021-07-22,09:59:19
645,1,2021-07-22,09:59:24
646,0,2021-07-22,09:59:55
647,1,2021-07-22,10:00:01
648,0,2021-07-22,10:00:18
649,1,2021-07-22,10:00:22
650,0,2021-07-22,10:00:38
651,1,2021-07-22,10:00:42
652,0,2021-07-22,10:01:04
653,1,2021-07-22,10:01:08
654,0,2021-07-22,10:01:12
655,1,2021-07-22,10:01:15
656,0,2021-07-22,10:02:04
657,1,2021-07-22,10:02:07
658,0,2021-07-22,10:02:09
659,1,2021-07-22,10:02:12
660,0,2021-07-22,10:02:16
661,1,2021-07-22,10:02:19
662,0,2021-07-22,10:02:42
663,1,2021-07-22,10:02:46
664,0,2021-07-22,10:02:48
665,1,2021-07-22,10:02:52
666,0,2021-07-22,10:03:35
667,1,2021-07-22,10:03:38
668,0,2021-07-22,10:04:29
669,1,2021-07-22,10:04:32
670,0,2021-07-22,10:05:17
671,1,2021-07-22,10:05:20
672,0,2021-07-22,10:05:27
673,1,2021-07-22,10:05:31
674,0,2021-07-22,10:05:33
675,1,2021-07-22,10:05:36
676,0,2021-07-22,10:06:03
677,1,2021-07-22,10:06:06
678,0,2021-07-22,10:07:14
679,1,2021-07-22,10:07:17
680,0,2021-07-22,10:07:23
681,1,2021-07-22,10:07:26
682,0,2021-07-22,10:07:39
683,1,2021-07-22,10:07:44
684,0,2021-07-22,10:07:54
685,1,2021-07-22,10:07:57
686,0,2021-07-22,10:08:35
687,1,2021-07-22,10:08:39
688,0,2021-07-22,10:09:11
689,1,2021-07-22,10:09:13
690,0,2021-07-22,10:09:37
691,1,2021-07-22,10:09:40
692,0,2021-07-22,10:09:53
693,1,2021-07-22,10:09:58
694,0,2021-07-22,10:10:03
695,1,2021-07-22,10:10:07
696,0,2021-07-22,10:10:47
697,1,2021-07-22,10:10:51
698,0,2021-07-22,10:11:03
699,1,2021-07-22,10:11:07
700,0,2021-07-22,10:11:19
701,1,2021-07-22,10:11:23
702,0,2021-07-22,10:11:27
703,1,2021-07-22,10:11:31
704,0,2021-07-22,10:11:42
705,1,2021-07-22,10:11:45
706,0,2021-07-22,10:11:52
707,1,2021-07-22,10:12:00
708,0,2021-07-22,10:12:03
709,1,2021-07-22,10:12:07
710,0,2021-07-22,10:12:52
711,1,2021-07-22,10:12:55
712,0,2021-07-22,10:13:07
713,1,2021-07-22,10:13:11
714,0,2021-07-22,10:13:25
715,1,2021-07-22,10:13:30
716,0,2021-07-22,10:13:38
717,1,2021-07-22,10:13:41
718,0,2021-07-22,10:14:11
719,1,2021-07-22,10:14:14
720,0,2021-07-22,10:14:23
721,1,2021-07-22,10:14:26
722,0,2021-07-22,10:15:19
723,1,2021-07-22,10:15:24
724,0,2021-07-22,10:15:55
725,1,2021-07-22,10:15:59
726,0,2021-07-22,10:16:20
727,1,2021-07-22,10:16:24
728,0,2021-07-22,10:16:34
729,1,2021-07-22,10:16:36
730,0,2021-07-22,10:17:02
731,1,2021-07-22,10:17:06
732,0,2021-07-22,10:17:28
733,1,2021-07-22,10:17:30
734,0,2021-07-22,10:17:34
735,1,2021-07-22,10:17:36
736,0,2021-07-22,10:17:40
737,1,2021-07-22,10:17:44
738,0,2021-07-22,10:18:56
739,1,2021-07-22,10:18:59
740,0,2021-07-22,10:19:26
741,1,2021-07-22,10:19:30
742,0,2021-07-22,10:19:56
743,1,2021-07-22,10:19:59
744,0,2021-07-22,10:20:16
745,1,2021-07-22,10:20:18
746,0,2021-07-22,10:20:40
747,1,2021-07-22,10:20:43
748,0,2021-07-22,10:21:24
749,1,2021-07-22,10:21:27
750,0,2021-07-22,10:21:31
751,1,2021-07-22,10:21:34
752,0,2021-07-22,10:21:38
753,1,2021-07-22,10:21:41
754,0,2021-07-22,10:21:52
755,1,2021-07-22,10:21:55
756,0,2021-07-22,10:22:18
757,1,2021-07-22,10:22:21
758,0,2021-07-22,10:22:34
759,1,2021-07-22,10:22:38
760,0,2021-07-22,10:22:43
761,1,2021-07-22,10:22:47
762,0,2021-07-22,10:23:04
763,1,2021-07-22,10:23:07
764,0,2021-07-22,10:23:17
765,1,2021-07-22,10:23:20
766,0,2021-07-22,10:23:42
767,1,2021-07-22,10:23:44
768,0,2021-07-22,10:24:13
769,1,2021-07-22,10:24:16
770,0,2021-07-22,10:24:39
771,1,2021-07-22,10:24:42
772,0,2021-07-22,10:24:58
773,1,2021-07-22,10:25:02
774,0,2021-07-22,10:25:31
775,1,2021-07-22,10:25:34
776,0,2021-07-22,10:26:06
777,1,2021-07-22,10:26:10
778,0,2021-07-22,10:26:16
779,1,2021-07-22,10:26:20
780,0,2021-07-22,10:26:29
781,1,2021-07-22,10:26:33
782,0,2021-07-22,10:26:38
783,1,2021-07-22,10:26:42
784,0,2021-07-22,10:27:11
785,1,2021-07-22,10:27:15
786,0,2021-07-22,10:27:40
787,1,2021-07-22,10:27:45
788,0,2021-07-22,10:28:14
789,1,2021-07-22,10:28:18
790,0,2021-07-22,10:28:30
791,1,2021-07-22,10:28:33
792,0,2021-07-22,10:28:37
793,1,2021-07-22,10:28:42
794,0,2021-07-22,10:29:08
795,1,2021-07-22,10:29:14
796,0,2021-07-22,10:29:23
797,1,2021-07-22,10:29:26
798,0,2021-07-22,10:29:54
799,1,2021-07-22,10:29:58
800,0,2021-07-22,10:30:13
801,1,2021-07-22,10:30:16
802,0,2021-07-22,10:30:20
803,1,2021-07-22,10:30:24
804,0,2021-07-22,10:30:38
805,1,2021-07-22,10:30:45
806,0,2021-07-22,10:31:11
807,1,2021-07-22,10:31:15
808,0,2021-07-22,10:31:17
809,1,2021-07-22,10:31:22
810,0,2021-07-22,10:31:33
811,1,2021-07-22,10:31:36
812,0,2021-07-22,10:31:39
813,1,2021-07-22,10:31:41
814,0,2021-07-22,10:31:45
815,1,2021-07-22,10:31:49
816,0,2021-07-22,10:31:53
817,1,2021-07-22,10:31:57
818,0,2021-07-22,10:32:47
819,1,2021-07-22,10:32:50
820,0,2021-07-22,10:32:55
821,1,2021-07-22,10:33:00
822,0,2021-07-22,10:33:13
823,1,2021-07-22,10:33:17
824,0,2021-07-22,10:33:31
825,1,2021-07-22,10:33:35
826,0,2021-07-22,10:33:47
827,1,2021-07-22,10:33:51
828,0,2021-07-22,10:34:00
829,1,2021-07-22,10:34:04
830,0,2021-07-22,10:34:06
831,1,2021-07-22,10:34:11
832,0,2021-07-22,10:34:18
833,1,2021-07-22,10:34:22
834,0,2021-07-22,10:34:31
835,1,2021-07-22,10:34:34
836,0,2021-07-22,10:34:55
837,1,2021-07-22,10:35:00
838,0,2021-07-22,10:35:30
839,1,2021-07-22,10:35:34
840,0,2021-07-22,10:35:38
841,1,2021-07-22,10:35:46
842,0,2021-07-22,10:35:50
843,1,2021-07-22,10:35:54
844,0,2021-07-22,10:36:18
845,1,2021-07-22,10:36:24
846,0,2021-07-22,10:36:29
847,1,2021-07-22,10:36:33
848,0,2021-07-22,10:36:54
849,1,2021-07-22,10:36:57
850,0,2021-07-22,10:37:09
851,1,2021-07-22,10:37:13
852,0,2021-07-22,10:37:18
853,1,2021-07-22,10:37:22
854,0,2021-07-22,10:37:25
855,1,2021-07-22,10:37:29
856,0,2021-07-22,10:37:43
857,1,2021-07-22,10:37:45
858,0,2021-07-22,10:37:58
859,1,2021-07-22,10:38:01
860,0,2021-07-22,10:38:09
861,1,2021-07-22,10:38:11
862,0,2021-07-22,10:38:16
863,1,2021-07-22,10:38:19
864,0,2021-07-22,10:38:26
865,1,2021-07-22,10:38:29
866,0,2021-07-22,10:39:09
867,1,2021-07-22,10:39:12
868,0,2021-07-22,10:39:28
869,1,2021-07-22,10:39:34
870,0,2021-07-22,10:39:40
871,1,2021-07-22,10:39:43
872,0,2021-07-22,10:39:52
873,1,2021-07-22,10:39:56
874,0,2021-07-22,10:40:12
875,1,2021-07-22,10:40:15
876,0,2021-07-22,10:40:27
877,1,2021-07-22,10:40:30
878,0,2021-07-22,10:41:01
879,1,2021-07-22,10:41:04
880,0,2021-07-22,10:41:11
881,1,2021-07-22,10:41:17
882,0,2021-07-22,10:41:39
883,1,2021-07-22,10:41:43
884,0,2021-07-22,10:41:51
885,1,2021-07-22,10:41:55
886,0,2021-07-22,10:42:24
887,1,2021-07-22,10:42:28
888,0,2021-07-22,10:42:33
889,1,2021-07-22,10:42:37
890,0,2021-07-22,10:43:11
891,1,2021-07-22,10:43:13
892,0,2021-07-22,10:43:22
893,1,2021-07-22,10:43:27
894,0,2021-07-22,10:43:32
895,1,2021-07-22,10:43:36
896,0,2021-07-22,10:44:08
897,1,2021-07-22,10:44:12
898,0,2021-07-22,10:44:32
899,1,2021-07-22,10:44:35
900,0,2021-07-22,10:44:39
901,1,2021-07-22,10:44:42
902,0,2021-07-22,10:45:13
903,1,2021-07-22,10:45:16
904,0,2021-07-22,10:45:53
905,1,2021-07-22,10:45:56
906,0,2021-07-22,10:46:06
907,1,2021-07-22,10:46:10
908,0,2021-07-22,10:46:15
909,1,2021-07-22,10:46:18
910,0,2021-07-22,10:46:48
911,1,2021-07-22,10:46:51
912,0,2021-07-22,10:46:55
913,1,2021-07-22,10:46:58
914,0,2021-07-22,10:47:06
915,1,2021-07-22,10:47:11
916,0,2021-07-22,10:47:15
917,1,2021-07-22,10:47:19
918,0,2021-07-22,10:47:23
919,1,2021-07-22,10:47:40
920,0,2021-07-22,10:48:06
921,1,2021-07-22,10:48:09
922,0,2021-07-22,10:48:19
923,1,2021-07-22,10:48:21
924,0,2021-07-22,10:48:35
925,1,2021-07-22,10:48:38
926,0,2021-07-22,10:48:56
927,1,2021-07-22,10:49:00
928,0,2021-07-22,10:49:12
929,1,2021-07-22,10:49:15
930,0,2021-07-22,10:49:37
931,1,2021-07-22,10:49:40
932,0,2021-07-22,10:49:53
933,1,2021-07-22,10:49:57
934,0,2021-07-22,10:50:17
935,1,2021-07-22,10:50:22
936,0,2021-07-22,10:50:26
937,1,2021-07-22,10:50:30
938,0,2021-07-22,10:50:51
939,1,2021-07-22,10:50:55
940,0,2021-07-22,10:50:57
941,1,2021-07-22,10:51:00
942,0,2021-07-22,10:51:04
943,1,2021-07-22,10:51:12
944,0,2021-07-22,10:51:32
945,1,2021-07-22,10:51:36
946,0,2021-07-22,10:52:16
947,1,2021-07-22,10:52:21
948,0,2021-07-22,10:53:03
949,1,2021-07-22,10:53:07
950,0,2021-07-22,10:53:28
951,1,2021-07-22,10:53:31
952,0,2021-07-22,10:53:44
953,1,2021-07-22,10:53:47
954,0,2021-07-22,10:54:04
955,1,2021-07-22,10:54:07
956,0,2021-07-22,10:54:18
957,1,2021-07-22,10:54:21
958,0,2021-07-22,10:54:41
959,1,2021-07-22,10:54:45
960,0,2021-07-22,10:54:52
961,1,2021-07-22,10:54:55
962,0,2021-07-22,10:54:57
963,1,2021-07-22,10:55:00
964,0,2021-07-22,10:56:17
965,1,2021-07-22,10:56:21
966,0,2021-07-22,10:56:25
967,1,2021-07-22,10:56:28
968,0,2021-07-22,10:56:45
969,1,2021-07-22,10:56:50
970,0,2021-07-22,10:56:54
971,1,2021-07-22,10:56:59
972,0,2021-07-22,10:57:10
973,1,2021-07-22,10:57:14
974,0,2021-07-22,10:57:43
975,1,2021-07-22,10:57:46
976,0,2021-07-22,10:58:12
977,1,2021-07-22,10:58:16
978,0,2021-07-22,10:58:26
979,1,2021-07-22,10:58:28
980,0,2021-07-22,10:58:31
981,1,2021-07-22,10:58:34
982,0,2021-07-22,10:58:48
983,1,2021-07-22,10:59:04
984,0,2021-07-22,10:59:08
985,1,2021-07-22,10:59:11
986,0,2021-07-22,10:59:19
987,1,2021-07-22,10:59:23
988,0,2021-07-22,10:59:35
989,1,2021-07-22,10:59:38
990,0,2021-07-22,10:59:45
991,1,2021-07-22,10:59:47
992,0,2021-07-22,10:59:51
993,1,2021-07-22,10:59:56
994,0,2021-07-22,11:00:00
995,1,2021-07-22,11:00:05
996,0,2021-07-22,11:00:26
997,1,2021-07-22,11:00:31
998,0,2021-07-22,11:00:54
999,1,2021-07-22,11:00:58
1000,0,2021-07-22,11:01:02
1001,1,2021-07-22,11:01:05
1002,0,2021-07-22,11:01:13
1003,1,2021-07-22,11:01:16
1004,0,2021-07-22,11:01:34
1005,1,2021-07-22,11:01:39
1006,0,2021-07-22,11:01:43
1007,1,2021-07-22,11:01:46
1008,0,2021-07-22,11:02:47
1009,1,2021-07-22,11:02:51
1010,0,2021-07-22,11:02:54
1011,1,2021-07-22,11:02:59
1012,0,2021-07-22,11:03:02
1013,1,2021-07-22,11:03:07
1014,0,2021-07-22,11:03:13
1015,1,2021-07-22,11:03:16
1016,0,2021-07-22,11:03:26
1017,1,2021-07-22,11:03:31
1018,0,2021-07-22,11:03:41
1019,1,2021-07-22,11:03:44
1020,0,2021-07-22,11:03:56
1021,1,2021-07-22,11:04:01
1022,0,2021-07-22,11:04:03
1023,1,2021-07-22,11:04:06
1024,0,2021-07-22,11:04:13
1025,1,2021-07-22,11:04:16
1026,0,2021-07-22,11:04:19
1027,1,2021-07-22,11:04:27
1028,0,2021-07-22,11:04:31
1029,1,2021-07-22,11:04:36
1030,0,2021-07-22,11:04:50
1031,1,2021-07-22,11:04:53
1032,0,2021-07-22,11:05:10
1033,1,2021-07-22,11:05:14
1034,0,2021-07-22,11:05:20
1035,1,2021-07-22,11:05:24
1036,0,2021-07-22,11:05:37
1037,1,2021-07-22,11:05:40
1038,0,2021-07-22,11:06:14
1039,1,2021-07-22,11:06:17
1040,0,2021-07-22,11:07:47
1041,1,2021-07-22,11:07:51
1042,0,2021-07-22,11:07:55
1043,1,2021-07-22,11:08:02
1044,0,2021-07-22,11:08:29
1045,1,2021-07-22,11:08:32
1046,0,2021-07-22,11:09:47
1047,1,2021-07-22,11:09:50
1048,0,2021-07-22,11:09:55
1049,1,2021-07-22,11:09:58
1050,0,2021-07-22,11:10:02
1051,1,2021-07-22,11:10:07
1052,0,2021-07-22,11:10:43
1053,1,2021-07-22,11:10:49
1054,0,2021-07-22,11:10:52
1055,1,2021-07-22,11:10:57
1056,0,2021-07-22,11:11:06
1057,1,2021-07-22,11:11:09
1058,0,2021-07-22,11:11:29
1059,1,2021-07-22,11:11:35
1060,0,2021-07-22,11:11:39
1061,1,2021-07-22,11:11:43
1062,0,2021-07-22,11:11:53
1063,1,2021-07-22,11:11:57
1064,0,2021-07-22,11:12:01
1065,1,2021-07-22,11:12:05
1066,0,2021-07-22,11:12:24
1067,1,2021-07-22,11:12:29
1068,0,2021-07-22,11:12:33
1069,1,2021-07-22,11:12:37
1070,0,2021-07-22,11:12:41
1071,1,2021-07-22,11:12:45
1072,0,2021-07-22,11:12:53
1073,1,2021-07-22,11:13:02
1074,0,2021-07-22,11:13:06
1075,1,2021-07-22,11:13:09
1076,0,2021-07-22,11:13:14
1077,1,2021-07-22,11:13:17
1078,0,2021-07-22,11:13:20
1079,1,2021-07-22,11:13:23
1080,0,2021-07-22,11:14:06
1081,1,2021-07-22,11:14:10
1082,0,2021-07-22,11:14:14
1083,1,2021-07-22,11:14:17
1084,0,2021-07-22,11:14:35
1085,1,2021-07-22,11:14:39
1086,0,2021-07-22,11:14:41
1087,1,2021-07-22,11:14:44
1088,0,2021-07-22,11:15:04
1089,1,2021-07-22,11:15:09
1090,0,2021-07-22,11:15:40
1091,1,2021-07-22,11:15:43
1092,0,2021-07-22,11:15:52
1093,1,2021-07-22,11:15:56
1094,0,2021-07-22,11:16:00
1095,1,2021-07-22,11:16:03
1096,0,2021-07-22,11:16:26
1097,1,2021-07-22,11:16:29
1098,0,2021-07-22,11:16:41
1099,1,2021-07-22,11:16:44
1100,0,2021-07-22,11:16:48
1101,1,2021-07-22,11:16:51
1102,0,2021-07-22,11:16:57
1103,1,2021-07-22,11:17:00
1104,0,2021-07-22,11:17:03
1105,1,2021-07-22,11:17:07
1106,0,2021-07-22,11:17:13
1107,1,2021-07-22,11:17:16
1108,0,2021-07-22,11:17:21
1109,1,2021-07-22,11:17:24
1110,0,2021-07-22,11:17:28
1111,1,2021-07-22,11:17:36
1112,0,2021-07-22,11:17:40
1113,1,2021-07-22,11:17:44
1114,0,2021-07-22,11:17:47
1115,1,2021-07-22,11:17:51
1116,0,2021-07-22,11:17:59
1117,1,2021-07-22,11:18:01
1118,0,2021-07-22,11:18:18
1119,1,2021-07-22,11:18:23
1120,0,2021-07-22,11:18:31
1121,1,2021-07-22,11:18:35
1122,0,2021-07-22,11:18:52
1123,1,2021-07-22,11:18:55
1124,0,2021-07-22,11:19:04
1125,1,2021-07-22,11:19:08
1126,0,2021-07-22,11:19:29
1127,1,2021-07-22,11:19:33
1128,0,2021-07-22,11:19:47
1129,1,2021-07-22,11:19:53
1130,0,2021-07-22,11:20:08
1131,1,2021-07-22,11:20:12
1132,0,2021-07-22,11:20:38
1133,1,2021-07-22,11:20:42
1134,0,2021-07-22,11:21:06
1135,1,2021-07-22,11:21:11
1136,0,2021-07-22,11:22:31
1137,1,2021-07-22,11:22:35
1138,0,2021-07-22,11:22:50
1139,1,2021-07-22,11:22:53
1140,0,2021-07-22,11:23:07
1141,1,2021-07-22,11:23:10
1142,0,2021-07-22,11:23:17
1143,1,2021-07-22,11:23:26
1144,0,2021-07-22,11:23:31
1145,1,2021-07-22,11:23:35
1146,0,2021-07-22,11:23:46
1147,1,2021-07-22,11:23:49
1148,0,2021-07-22,11:23:59
1149,1,2021-07-22,11:24:03
1150,0,2021-07-22,11:24:19
1151,1,2021-07-22,11:24:23
1152,0,2021-07-22,11:25:05
1153,1,2021-07-22,11:25:09
1154,0,2021-07-22,11:25:13
1155,1,2021-07-22,11:25:17
1156,0,2021-07-22,11:25:31
1157,1,2021-07-22,11:25:35
1158,0,2021-07-22,11:25:58
1159,1,2021-07-22,11:26:00
1160,0,2021-07-22,11:26:05
1161,1,2021-07-22,11:26:09
1162,0,2021-07-22,11:27:22
1163,1,2021-07-22,11:27:24
1164,0,2021-07-22,11:27:47
1165,1,2021-07-22,11:27:50
1166,0,2021-07-22,11:27:52
1167,1,2021-07-22,11:27:56
1168,0,2021-07-22,11:27:58
1169,1,2021-07-22,11:28:06
1170,0,2021-07-22,11:28:15
1171,1,2021-07-22,11:28:19
1172,0,2021-07-22,11:28:23
1173,1,2021-07-22,11:28:28
1174,0,2021-07-22,11:28:32
1175,1,2021-07-22,11:28:36
1176,0,2021-07-22,11:28:39
1177,1,2021-07-22,11:28:42
1178,0,2021-07-22,11:28:59
1179,1,2021-07-22,11:29:03
1180,0,2021-07-22,11:29:15
1181,1,2021-07-22,11:29:21
1182,0,2021-07-22,11:29:27
1183,1,2021-07-22,11:29:31
1184,0,2021-07-22,11:29:35
1185,1,2021-07-22,11:29:38
1186,0,2021-07-22,11:29:42
1187,1,2021-07-22,11:29:47
1188,0,2021-07-22,11:29:53
1189,1,2021-07-22,11:29:55
1190,0,2021-07-22,11:29:59
1191,1,2021-07-22,11:30:06
1192,0,2021-07-22,11:30:10
1193,1,2021-07-22,11:30:14
1194,0,2021-07-22,11:30:21
1195,1,2021-07-22,11:30:23
1196,0,2021-07-22,11:30:29
1197,1,2021-07-22,11:30:32
1198,0,2021-07-22,11:30:42
1199,1,2021-07-22,11:30:45
1200,0,2021-07-22,11:31:03
1201,1,2021-07-22,11:31:08
1202,0,2021-07-22,11:31:23
1203,1,2021-07-22,11:31:27
1204,0,2021-07-22,11:31:36
1205,1,2021-07-22,11:31:39
1206,0,2021-07-22,11:31:45
1207,1,2021-07-22,11:31:49
1208,0,2021-07-22,11:31:57
1209,1,2021-07-22,11:32:02
1210,0,2021-07-22,11:32:05
1211,1,2021-07-22,11:32:10
1212,0,2021-07-22,11:32:16
1213,1,2021-07-22,11:32:20
1214,0,2021-07-22,11:32:24
1215,1,2021-07-22,11:32:27
1216,0,2021-07-22,11:32:50
1217,1,2021-07-22,11:32:52
1218,0,2021-07-22,11:33:01
1219,1,2021-07-22,11:33:06
1220,0,2021-07-22,11:34:40
1221,1,2021-07-22,11:34:43
1222,0,2021-07-22,11:35:14
1223,1,2021-07-22,11:35:19
1224,0,2021-07-22,11:35:35
1225,1,2021-07-22,11:35:39
1226,0,2021-07-22,11:35:44
1227,1,2021-07-22,11:35:47
1228,0,2021-07-22,11:35:55
1229,1,2021-07-22,11:35:59
1230,0,2021-07-22,11:36:08
1231,1,2021-07-22,11:36:12
1232,0,2021-07-22,11:36:30
1233,1,2021-07-22,11:36:33
1234,0,2021-07-22,11:37:01
1235,1,2021-07-22,11:37:04
1236,0,2021-07-22,11:37:28
1237,1,2021-07-22,11:37:33
1238,0,2021-07-22,11:38:02
1239,1,2021-07-22,11:38:05
1240,0,2021-07-22,11:38:07
1241,1,2021-07-22,11:38:09
1242,0,2021-07-22,11:39:16
1243,1,2021-07-22,11:39:20
1244,0,2021-07-22,11:39:28
1245,1,2021-07-22,11:39:31
1246,0,2021-07-22,11:39:35
1247,1,2021-07-22,11:39:40
1248,0,2021-07-22,11:39:51
1249,1,2021-07-22,11:39:53
1250,0,2021-07-22,11:40:15
1251,1,2021-07-22,11:40:19
1252,0,2021-07-22,11:40:23
1253,1,2021-07-22,11:40:27
1254,0,2021-07-22,11:40:39
1255,1,2021-07-22,11:40:44
1256,0,2021-07-22,11:40:52
1257,1,2021-07-22,11:40:55
1258,0,2021-07-22,11:41:05
1259,1,2021-07-22,11:41:10
1260,0,2021-07-22,11:41:16
1261,1,2021-07-22,11:41:20
1262,0,2021-07-22,11:41:30
1263,1,2021-07-22,11:41:34
1264,0,2021-07-22,11:41:43
1265,1,2021-07-22,11:41:46
1266,0,2021-07-22,11:42:29
1267,1,2021-07-22,11:42:35
1268,0,2021-07-22,11:42:39
1269,1,2021-07-22,11:42:45
1270,0,2021-07-22,11:42:49
1271,1,2021-07-22,11:42:53
1272,0,2021-07-22,11:42:57
1273,1,2021-07-22,11:42:59
1274,0,2021-07-22,11:43:09
1275,1,2021-07-22,11:43:12
1276,0,2021-07-22,11:43:17
1277,1,2021-07-22,11:43:21
1278,0,2021-07-22,11:43:32
1279,1,2021-07-22,11:43:39
1280,0,2021-07-22,11:44:01
1281,1,2021-07-22,11:44:04
1282,0,2021-07-22,11:44:32
1283,1,2021-07-22,11:44:36
1284,0,2021-07-22,11:44:44
1285,1,2021-07-22,11:44:47
1286,0,2021-07-22,11:44:51
1287,1,2021-07-22,11:44:55
1288,0,2021-07-22,11:45:03
1289,1,2021-07-22,11:45:07
1290,0,2021-07-22,11:45:12
1291,1,2021-07-22,11:45:15
1292,0,2021-07-22,11:46:01
1293,1,2021-07-22,11:46:06
1294,0,2021-07-22,11:46:20
1295,1,2021-07-22,11:46:24
1296,0,2021-07-22,11:46:38
1297,1,2021-07-22,11:46:42
1298,0,2021-07-22,11:46:46
1299,1,2021-07-22,11:46:48
1300,0,2021-07-22,11:46:52
1301,1,2021-07-22,11:46:56
1302,0,2021-07-22,11:47:09
1303,1,2021-07-22,11:47:13
1304,0,2021-07-22,11:47:17
1305,1,2021-07-22,11:47:21
1306,0,2021-07-22,11:48:02
1307,1,2021-07-22,11:48:06
1308,0,2021-07-22,11:48:29
1309,1,2021-07-22,11:48:32
1310,0,2021-07-22,11:48:36
1311,1,2021-07-22,11:48:40
1312,0,2021-07-22,11:48:43
1313,1,2021-07-22,11:48:46
1314,1,2021-07-22,13:45:09
1315,0,2021-07-22,13:45:11
1316,1,2021-07-22,13:45:18
1317,0,2021-07-22,13:45:22
1318,1,2021-07-22,13:45:26
1319,0,2021-07-22,13:45:32
1320,1,2021-07-22,13:45:35
1321,0,2021-07-22,13:45:39
1322,1,2021-07-22,13:45:51
1323,0,2021-07-22,13:45:55
1324,1,2021-07-22,13:45:58
1325,0,2021-07-22,13:46:02
1326,1,2021-07-22,13:46:18
1327,0,2021-07-22,13:46:25
1328,1,2021-07-22,13:46:35
1329,0,2021-07-22,13:46:39
1330,1,2021-07-22,13:46:42
1331,0,2021-07-22,13:46:56
1332,1,2021-07-22,13:46:59
1333,0,2021-07-22,13:47:01
1334,1,2021-07-22,13:47:04
1335,0,2021-07-22,13:47:08
1336,1,2021-07-22,13:47:16
1337,0,2021-07-22,13:47:20
1338,1,2021-07-22,13:47:23
1339,0,2021-07-22,13:47:26
1340,1,2021-07-22,13:47:29
1341,0,2021-07-22,13:47:32
1342,1,2021-07-22,13:47:34
1343,0,2021-07-22,13:47:46
1344,1,2021-07-22,13:47:48
1345,0,2021-07-22,13:48:05
1346,1,2021-07-22,13:48:09
1347,0,2021-07-22,13:48:18
1348,1,2021-07-22,13:48:22
1349,1,2021-07-24,12:31:46
1350,0,2021-07-24,12:31:56
1351,1,2021-07-24,12:32:37
1352,0,2021-07-24,12:33:06
1353,1,2021-07-24,12:33:10
1354,0,2021-07-24,12:33:17
1355,1,2021-07-24,12:33:20
1356,0,2021-07-24,12:33:27
1357,1,2021-07-24,12:33:30
1358,0,2021-07-24,12:33:34
1359,1,2021-07-24,12:35:05
1360,0,2021-07-24,12:35:13
1361,1,2021-07-24,12:35:15
1362,0,2021-07-24,12:35:18
1363,1,2021-07-24,12:38:34
1364,0,2021-07-24,12:38:42
1365,1,2021-07-24,12:38:50
1366,0,2021-07-24,12:38:54
1367,1,2021-07-24,12:38:59
1368,0,2021-07-24,12:39:03
1369,1,2021-07-24,12:39:21
1370,0,2021-07-24,12:39:25
1371,1,2021-07-24,12:39:29
1372,0,2021-07-24,12:39:33
1373,1,2021-07-24,12:39:40
1374,0,2021-07-24,12:39:43
1375,1,2021-07-24,12:39:51
1376,0,2021-07-24,12:39:55
1377,1,2021-07-24,12:41:33
1378,0,2021-07-24,12:41:38
1379,1,2021-07-24,12:41:43
1380,0,2021-07-24,12:41:47
1381,1,2021-07-24,12:41:57
1382,0,2021-07-24,12:42:01
1383,1,2021-07-24,12:42:08
1384,0,2021-07-24,12:42:11
1385,1,2021-07-24,12:42:38
1386,0,2021-07-24,12:42:42
1387,1,2021-07-24,12:42:59
1388,0,2021-07-24,12:43:03
1389,1,2021-07-24,12:43:12
1390,0,2021-07-24,12:43:18
1391,1,2021-07-24,12:46:29
1392,0,2021-07-24,12:46:33
1393,1,2021-07-24,12:46:48
1394,0,2021-07-24,12:46:52
1395,1,2021-07-24,12:46:56
1396,0,2021-07-24,12:47:00
1397,1,2021-07-24,12:47:12
1398,0,2021-07-24,12:47:18
1399,1,2021-07-24,12:47:34
1400,0,2021-07-24,12:47:38
1401,1,2021-07-24,12:47:41
1402,0,2021-07-24,12:47:47
1403,1,2021-07-24,12:47:52
1404,0,2021-07-24,12:47:56
1405,1,2021-07-24,12:48:00
1406,0,2021-07-24,12:48:04
1407,1,2021-07-24,12:48:18
1408,0,2021-07-24,12:48:23
1409,1,2021-07-24,12:48:28
1410,0,2021-07-24,12:48:31
1411,1,2021-07-24,12:48:48
1412,0,2021-07-24,12:48:55
1413,1,2021-07-24,12:49:17
1414,0,2021-07-24,12:49:21
1415,1,2021-07-24,12:49:29
1416,0,2021-07-24,12:49:33
1417,1,2021-07-24,12:49:40
1418,0,2021-07-24,12:49:48
1419,1,2021-07-24,12:50:00
1420,0,2021-07-24,12:50:04
1421,1,2021-07-24,12:50:08
1422,1,2021-07-24,12:50:45
1423,0,2021-07-24,12:51:21
1424,1,2021-07-24,12:51:24
1425,0,2021-07-24,12:52:31
1426,1,2021-07-24,12:52:35
1427,0,2021-07-24,12:52:41
1428,1,2021-07-24,12:52:46
1429,0,2021-07-24,12:53:05
1430,1,2021-07-24,12:53:08
1431,0,2021-07-24,12:53:31
1432,1,2021-07-24,12:53:33
1433,0,2021-07-24,12:53:37
1434,1,2021-07-24,12:53:43
1435,0,2021-07-24,12:53:48
1436,1,2021-07-24,12:53:51
1437,0,2021-07-24,12:54:02
1438,1,2021-07-24,12:54:06
1439,0,2021-07-24,12:54:10
1440,1,2021-07-24,12:54:14
1441,0,2021-07-24,12:54:23
1442,1,2021-07-24,12:54:27
1443,0,2021-07-24,12:54:36
1444,1,2021-07-24,12:54:40
1445,0,2021-07-24,12:54:48
1446,1,2021-07-24,12:54:53
1447,0,2021-07-24,12:54:57
1448,1,2021-07-24,12:55:00
1449,0,2021-07-24,12:55:30
1450,1,2021-07-24,12:55:33
1451,0,2021-07-24,12:55:36
1452,1,2021-07-24,12:55:40
1453,0,2021-07-24,12:55:43
1454,1,2021-07-24,12:55:47
1455,0,2021-07-24,12:55:59
1456,1,2021-07-24,12:56:03
1457,0,2021-07-24,12:56:07
1458,1,2021-07-24,12:56:11
1459,0,2021-07-24,12:56:18
1460,1,2021-07-24,12:56:23
1461,0,2021-07-24,12:56:27
1462,1,2021-07-24,12:56:29
1463,0,2021-07-24,12:56:54
1464,1,2021-07-24,12:56:58
1465,0,2021-07-24,12:57:15
1466,1,2021-07-24,12:57:19
1467,0,2021-07-24,12:57:27
1468,1,2021-07-24,12:57:30
1469,0,2021-07-24,12:57:38
1470,1,2021-07-24,12:57:41
1471,0,2021-07-24,12:57:52
1472,1,2021-07-24,12:57:56
1473,0,2021-07-24,12:58:20
1474,1,2021-07-24,12:58:23
1475,0,2021-07-24,12:58:38
1476,1,2021-07-24,12:58:41
1477,0,2021-07-24,12:58:53
1478,1,2021-07-24,12:58:57
1479,0,2021-07-24,12:59:05
1480,1,2021-07-24,12:59:09
1481,0,2021-07-24,12:59:12
1482,1,2021-07-24,12:59:17
1483,0,2021-07-24,12:59:21
1484,1,2021-07-24,12:59:25
1485,0,2021-07-24,12:59:28
1486,1,2021-07-24,12:59:30
1487,0,2021-07-24,12:59:54
1488,1,2021-07-24,13:00:02
1489,0,2021-07-24,13:00:09
1490,1,2021-07-24,13:00:11
1491,0,2021-07-24,13:00:14
1492,1,2021-07-24,13:00:16
1493,0,2021-07-24,13:00:56
1494,1,2021-07-24,13:01:01
1495,0,2021-07-24,13:01:23
1496,1,2021-07-24,13:01:26
1497,0,2021-07-24,13:02:06
1498,1,2021-07-24,13:02:09
1499,0,2021-07-24,13:03:00
1500,1,2021-07-24,13:03:03
1501,0,2021-07-24,13:03:07
1502,1,2021-07-24,13:03:11
1503,0,2021-07-24,13:03:17
1504,1,2021-07-24,13:03:24
1505,0,2021-07-24,13:03:28
1506,1,2021-07-24,13:03:37
1507,0,2021-07-24,13:03:41
1508,1,2021-07-24,13:03:45
1509,0,2021-07-24,13:04:01
1510,1,2021-07-24,13:04:05
1511,0,2021-07-24,13:04:17
1512,1,2021-07-24,13:04:21
1513,0,2021-07-24,13:04:54
1514,1,2021-07-24,13:05:02
1515,0,2021-07-24,13:05:18
1516,1,2021-07-24,13:05:25
1517,0,2021-07-24,13:05:32
1518,1,2021-07-24,13:05:36
1519,0,2021-07-24,13:05:39
1520,1,2021-07-24,13:05:43
1521,0,2021-07-24,13:05:48
1522,1,2021-07-24,13:05:54
1523,0,2021-07-24,13:05:57
1524,1,2021-07-24,13:06:01
1525,0,2021-07-24,13:06:05
1526,1,2021-07-24,13:06:09
1527,0,2021-07-24,13:06:24
1528,1,2021-07-24,13:06:28
1529,0,2021-07-24,13:06:45
1530,1,2021-07-24,13:06:47
1531,0,2021-07-24,13:07:10
1532,1,2021-07-24,13:07:13
1533,0,2021-07-24,13:08:01
1534,1,2021-07-24,13:08:09
1535,0,2021-07-24,13:08:37
1536,1,2021-07-24,13:08:41
1537,0,2021-07-24,13:08:50
1538,1,2021-07-24,13:08:53
1539,0,2021-07-24,13:08:57
1540,1,2021-07-24,13:09:02
1541,0,2021-07-24,13:09:09
1542,1,2021-07-24,13:09:21
1543,0,2021-07-24,13:09:50
1544,1,2021-07-24,13:10:02
1545,0,2021-07-24,13:10:04
1546,1,2021-07-24,13:10:12
1547,0,2021-07-24,13:10:16
1548,1,2021-07-24,13:10:21
1549,0,2021-07-24,13:10:32
1550,1,2021-07-24,13:10:38
1551,0,2021-07-24,13:10:48
1552,1,2021-07-24,13:10:52
1553,0,2021-07-24,13:10:56
1554,1,2021-07-24,13:11:02
1555,0,2021-07-24,13:11:06
1556,1,2021-07-24,13:11:10
1557,0,2021-07-24,13:11:27
1558,1,2021-07-24,13:11:31
1559,0,2021-07-24,13:11:37
1560,1,2021-07-24,13:11:41
1561,0,2021-07-24,13:11:55
1562,1,2021-07-24,13:11:58
1563,0,2021-07-24,13:12:25
1564,1,2021-07-24,13:12:29
1565,0,2021-07-24,13:12:41
1566,1,2021-07-24,13:12:45
1567,0,2021-07-24,13:12:49
1568,1,2021-07-24,13:12:56
1569,0,2021-07-24,13:13:01
1570,1,2021-07-24,13:13:07
1571,0,2021-07-24,13:13:20
1572,1,2021-07-24,13:13:22
1573,0,2021-07-24,13:13:25
1574,1,2021-07-24,13:13:27
1575,0,2021-07-24,13:13:31
1576,1,2021-07-24,13:13:37
1577,0,2021-07-24,13:13:41
1578,1,2021-07-24,13:13:47
1579,0,2021-07-24,13:13:51
1580,1,2021-07-24,13:13:55
1581,0,2021-07-24,13:14:10
1582,1,2021-07-24,13:14:12
1583,0,2021-07-24,13:14:30
1584,1,2021-07-24,13:14:36
1585,0,2021-07-24,13:14:40
1586,1,2021-07-24,13:14:43
1587,0,2021-07-24,13:14:51
1588,1,2021-07-24,13:14:55
1589,0,2021-07-24,13:15:22
1590,1,2021-07-24,13:15:29
1591,0,2021-07-24,13:15:33
1592,1,2021-07-24,13:15:36
1593,0,2021-07-24,13:15:40
1594,1,2021-07-24,13:15:43
1595,0,2021-07-24,13:15:47
1596,1,2021-07-24,13:15:51
1597,0,2021-07-24,13:16:05
1598,1,2021-07-24,13:16:08
1599,0,2021-07-24,13:16:33
1600,1,2021-07-24,13:16:37
1601,0,2021-07-24,13:16:41
1602,1,2021-07-24,13:16:45
1603,0,2021-07-24,13:16:57
1604,1,2021-07-24,13:17:01
1605,0,2021-07-24,13:17:06
1606,1,2021-07-24,13:17:11
1607,0,2021-07-24,13:17:15
1608,1,2021-07-24,13:17:19
1609,0,2021-07-24,13:17:43
1610,1,2021-07-24,13:17:46
1611,0,2021-07-24,13:18:00
1612,1,2021-07-24,13:18:05
1613,0,2021-07-24,13:18:11
1614,1,2021-07-24,13:18:15
1615,0,2021-07-24,13:18:20
1616,1,2021-07-24,13:18:23
1617,0,2021-07-24,13:18:47
1618,1,2021-07-24,13:18:51
1619,0,2021-07-24,13:18:55
1620,1,2021-07-24,13:19:00
1621,0,2021-07-24,13:19:03
1622,1,2021-07-24,13:19:06
1623,0,2021-07-24,13:19:23
1624,1,2021-07-24,13:19:30
1625,0,2021-07-24,13:19:39
1626,1,2021-07-24,13:19:41
1627,0,2021-07-24,13:20:14
1628,1,2021-07-24,13:20:18
1629,0,2021-07-24,13:20:25
1630,1,2021-07-24,13:20:28
1631,0,2021-07-24,13:20:32
1632,1,2021-07-24,13:20:40
1633,0,2021-07-24,13:20:42
1634,1,2021-07-24,13:20:49
1635,0,2021-07-24,13:21:00
1636,1,2021-07-24,13:21:10
1637,0,2021-07-24,13:21:13
1638,1,2021-07-24,13:21:17
1639,0,2021-07-24,13:21:21
1640,1,2021-07-24,13:21:24
1641,0,2021-07-24,13:21:32
1642,1,2021-07-24,13:21:35
1643,0,2021-07-24,13:21:47
1644,1,2021-07-24,13:21:51
1645,0,2021-07-24,13:21:55
1646,1,2021-07-24,13:22:03
1647,0,2021-07-24,13:22:07
1648,1,2021-07-24,13:22:11
1649,0,2021-07-24,13:22:15
1650,1,2021-07-24,13:22:19
1651,0,2021-07-24,13:22:23
1652,1,2021-07-24,13:22:28
1653,0,2021-07-24,13:22:33
1654,1,2021-07-24,13:22:36
1655,0,2021-07-24,13:22:46
1656,1,2021-07-24,13:22:48
1657,0,2021-07-24,13:23:05
1658,1,2021-07-24,13:23:09
1659,0,2021-07-24,13:23:11
1660,1,2021-07-24,13:23:14
1661,0,2021-07-24,13:23:20
1662,1,2021-07-24,13:23:24
1663,0,2021-07-24,13:23:28
1664,1,2021-07-24,13:23:32
1665,0,2021-07-24,13:23:47
1666,1,2021-07-24,13:23:50
1667,0,2021-07-24,13:23:54
1668,1,2021-07-24,13:23:58
1669,0,2021-07-24,13:24:02
1670,1,2021-07-24,13:24:05
1671,0,2021-07-24,13:24:09
1672,1,2021-07-24,13:24:17
1673,0,2021-07-24,13:24:26
1674,1,2021-07-24,13:24:30
1675,0,2021-07-24,13:24:37
1676,1,2021-07-24,13:24:42
1677,0,2021-07-24,13:24:46
1678,1,2021-07-24,13:24:50
1679,0,2021-07-24,13:24:57
1680,1,2021-07-24,13:25:06
1681,0,2021-07-24,13:25:10
1682,1,2021-07-24,13:25:13
1683,0,2021-07-24,13:25:17
1684,1,2021-07-24,13:25:21
1685,0,2021-07-24,13:25:26
1686,1,2021-07-24,13:25:31
1687,0,2021-07-24,13:25:42
1688,1,2021-07-24,13:25:44
1689,0,2021-07-24,13:25:51
1690,1,2021-07-24,13:25:59
1691,0,2021-07-24,13:26:58
1692,1,2021-07-24,13:27:03
1693,0,2021-07-24,13:27:46
1694,1,2021-07-24,13:27:49
1695,0,2021-07-24,13:27:53
1696,1,2021-07-24,13:27:57
1697,0,2021-07-24,13:28:10
1698,1,2021-07-24,13:28:13
1699,0,2021-07-24,13:28:23
1700,1,2021-07-24,13:28:27
1701,0,2021-07-24,13:28:49
1702,1,2021-07-24,13:28:54
1703,0,2021-07-24,13:29:09
1704,1,2021-07-24,13:29:12
1705,0,2021-07-24,13:29:14
1706,1,2021-07-24,13:29:18
1707,0,2021-07-24,13:29:22
1708,1,2021-07-24,13:29:26
1709,0,2021-07-24,13:29:30
1710,1,2021-07-24,13:29:34
1711,0,2021-07-24,13:29:47
1712,1,2021-07-24,13:29:52
1713,0,2021-07-24,13:29:58
1714,1,2021-07-24,13:30:01
1715,0,2021-07-24,13:30:09
1716,1,2021-07-24,13:30:16
1717,0,2021-07-24,13:30:34
1718,1,2021-07-24,13:30:37
1719,0,2021-07-24,13:30:50
1720,1,2021-07-24,13:30:53
1721,0,2021-07-24,13:31:10
1722,1,2021-07-24,13:31:17
1723,0,2021-07-24,13:31:28
1724,1,2021-07-24,13:31:31
1725,0,2021-07-24,13:31:53
1726,1,2021-07-24,13:31:58
1727,0,2021-07-24,13:32:05
1728,1,2021-07-24,13:32:10
1729,0,2021-07-24,13:32:14
1730,1,2021-07-24,13:32:21
1731,0,2021-07-24,13:32:37
1732,1,2021-07-24,13:32:45
1733,0,2021-07-24,13:32:48
1734,1,2021-07-24,13:32:52
1735,0,2021-07-24,13:33:15
1736,1,2021-07-24,13:33:17
1737,0,2021-07-24,13:33:22
1738,1,2021-07-24,13:33:24
1739,0,2021-07-24,13:33:40
1740,1,2021-07-24,13:33:43
1741,0,2021-07-24,13:34:00
1742,1,2021-07-24,13:34:03
1743,0,2021-07-24,13:34:07
1744,1,2021-07-24,13:34:10
1745,0,2021-07-24,13:34:48
1746,1,2021-07-24,13:34:51
1747,0,2021-07-24,13:35:00
1748,1,2021-07-24,13:35:05
1749,0,2021-07-24,13:35:21
1750,1,2021-07-24,13:35:26
1751,0,2021-07-24,13:35:35
1752,1,2021-07-24,13:35:38
1753,0,2021-07-24,13:35:58
1754,1,2021-07-24,13:36:01
1755,0,2021-07-24,13:36:49
1756,1,2021-07-24,13:36:53
1757,0,2021-07-24,13:37:04
1758,1,2021-07-24,13:37:11
1759,0,2021-07-24,13:37:41
1760,1,2021-07-24,13:37:44
1761,0,2021-07-24,13:39:51
1762,1,2021-07-24,13:39:56
1763,0,2021-07-24,13:40:00
1764,1,2021-07-24,13:40:03
1765,0,2021-07-24,13:40:23
1766,1,2021-07-24,13:40:27
1767,0,2021-07-24,13:40:52
1768,1,2021-07-24,13:40:54
1769,0,2021-07-24,13:41:27
1770,1,2021-07-24,13:41:34
1771,0,2021-07-24,13:41:38
1772,1,2021-07-24,13:41:41
1773,0,2021-07-24,13:42:01
1774,1,2021-07-24,13:42:04
1775,0,2021-07-24,13:42:14
1776,1,2021-07-24,13:42:18
1777,0,2021-07-24,13:42:27
1778,1,2021-07-24,13:42:31
1779,0,2021-07-24,13:42:35
1780,1,2021-07-24,13:42:41
1781,0,2021-07-24,13:42:45
1782,1,2021-07-24,13:42:48
1783,0,2021-07-24,13:43:14
1784,1,2021-07-24,13:43:17
1785,0,2021-07-24,13:43:21
1786,1,2021-07-24,13:43:26
1787,0,2021-07-24,13:43:51
1788,1,2021-07-24,13:43:55
1789,0,2021-07-24,13:44:05
1790,1,2021-07-24,13:44:09
1791,0,2021-07-24,13:44:12
1792,1,2021-07-24,13:44:16
1793,0,2021-07-24,13:44:30
1794,1,2021-07-24,13:44:34
1795,0,2021-07-24,13:44:59
1796,1,2021-07-24,13:45:03
1797,0,2021-07-24,13:45:07
1798,1,2021-07-24,13:45:15
1799,0,2021-07-24,13:45:23
1800,1,2021-07-24,13:45:28
1801,0,2021-07-24,13:45:33
1802,1,2021-07-24,13:45:37
1803,0,2021-07-24,13:45:53
1804,1,2021-07-24,13:45:57
1805,0,2021-07-24,13:45:59
1806,1,2021-07-24,13:46:06
1807,0,2021-07-24,13:46:09
1808,1,2021-07-24,13:46:13
1809,0,2021-07-24,13:46:19
1810,1,2021-07-24,13:46:22
1811,0,2021-07-24,13:46:27
1812,1,2021-07-24,13:46:31
1813,0,2021-07-24,13:46:49
1814,1,2021-07-24,13:46:53
1815,0,2021-07-24,13:47:01
1816,1,2021-07-24,13:47:04
1817,0,2021-07-24,13:47:15
1818,1,2021-07-24,13:47:21
1819,0,2021-07-24,13:47:32
1820,1,2021-07-24,13:47:35
1821,0,2021-07-24,13:47:50
1822,1,2021-07-24,13:47:53
1823,0,2021-07-24,13:48:11
1824,1,2021-07-24,13:48:14
1825,0,2021-07-24,13:48:18
1826,1,2021-07-24,13:48:21
1827,0,2021-07-24,13:48:50
1828,1,2021-07-24,13:48:57
1829,0,2021-07-24,13:49:01
1830,1,2021-07-24,13:49:05
1831,0,2021-07-24,13:49:09
1832,1,2021-07-24,13:49:12
1833,0,2021-07-24,13:49:24
1834,1,2021-07-24,13:49:28
1835,0,2021-07-24,13:49:45
1836,1,2021-07-24,13:49:49
1837,0,2021-07-24,13:49:53
1838,1,2021-07-24,13:49:58
1839,0,2021-07-24,13:50:02
1840,1,2021-07-24,13:50:05
1841,0,2021-07-24,13:50:09
1842,1,2021-07-24,13:50:13
1843,0,2021-07-24,13:50:25
1844,1,2021-07-24,13:50:31
1845,0,2021-07-24,13:50:35
1846,1,2021-07-24,13:50:40
1847,0,2021-07-24,13:51:01
1848,1,2021-07-24,13:51:05
1849,0,2021-07-24,13:51:12
1850,1,2021-07-24,13:51:16
1851,0,2021-07-24,13:51:32
1852,1,2021-07-24,13:51:35
1853,0,2021-07-24,13:51:42
1854,1,2021-07-24,13:51:47
1855,1,2021-07-24,14:52:45
1856,0,2021-07-24,14:52:51
1857,1,2021-07-24,14:52:55
1858,0,2021-07-24,14:52:58
1859,1,2021-07-24,14:53:23
1860,0,2021-07-24,14:53:30
1861,1,2021-07-24,14:53:47
1862,0,2021-07-24,14:53:51
1863,1,2021-07-24,14:53:54
1864,0,2021-07-24,14:53:59
1865,1,2021-07-24,14:54:04
1866,0,2021-07-24,14:54:09
1867,1,2021-07-24,14:54:36
1868,0,2021-07-24,14:54:42
1869,1,2021-07-24,14:54:49
1870,0,2021-07-24,14:55:00
1871,1,2021-07-24,14:55:41
1872,0,2021-07-24,14:55:44
1873,1,2021-07-24,14:55:47
1874,0,2021-07-24,14:55:51
1875,1,2021-07-24,14:57:07
